# {"t_start": 1564959153.8286972, "env_id": "CentipedeNoFrameskip-v4"} 
r,l,t
1742.0,904,7.012879
2130.0,503,10.339495
2696.0,544,14.014495
1614.0,980,20.435816
1758.0,633,24.638773
957.0,493,27.893897
438.0,412,30.550064
2874.0,1039,37.402429
7995.0,1331,46.174556
4164.0,607,50.24063
1474.0,586,54.202985
3199.0,665,58.824639
3043.0,1319,67.69084
1635.0,735,72.709946
4669.0,746,77.594057
2802.0,592,81.713167
2288.0,689,86.37227
2462.0,780,92.249832
2332.0,766,97.928176
2008.0,696,103.083134
1801.0,748,108.34401
3839.0,670,113.011957
569.0,613,116.90703
1565.0,587,120.902331
1236.0,564,124.626141
1728.0,643,129.071776
8453.0,1609,140.021096
460.0,598,143.862311
1152.0,591,147.832556
1167.0,433,150.786549
2101.0,666,155.250044
1782.0,471,158.381799
2872.0,1241,166.572814
774.0,301,168.716067
3156.0,838,174.195662
2251.0,751,179.190255
2463.0,819,184.588032
2284.0,723,189.482602
1257.0,827,194.906985
2746.0,953,201.462235
1561.0,696,206.113293
1700.0,743,211.036106
3976.0,733,215.949632
4518.0,1119,223.398924
2616.0,543,226.975709
3088.0,666,231.649665
6208.0,1372,240.783123
2069.0,736,245.655996
2997.0,684,250.091008
1970.0,470,253.23034
7814.0,1277,261.690039
1430.0,548,265.333864
3989.0,1078,272.658641
3083.0,731,277.585629
5573.0,1061,284.787607
821.0,658,289.115984
2375.0,756,294.125186
6765.0,949,300.487606
2910.0,747,305.569401
7425.0,1397,315.082294
1683.0,717,320.540381
1935.0,697,325.37677
1579.0,511,328.975051
3542.0,757,334.164082
1929.0,756,339.230408
3909.0,858,345.078335
809.0,398,347.71083
1650.0,534,351.219517
2037.0,614,355.376391
4976.0,1429,364.830806
1995.0,679,369.27557
3991.0,743,374.233679
1589.0,545,377.71593
1805.0,716,382.499274
3751.0,776,387.580549
2789.0,624,391.757396
660.0,509,395.10002
686.0,521,398.49615
5327.0,1055,405.441756
8936.0,1197,413.458029
2790.0,610,417.593442
2613.0,588,421.382986
3809.0,782,426.653848
4972.0,1116,434.292893
1507.0,568,438.037741
4894.0,1040,445.165167
2173.0,777,450.355305
4963.0,1062,457.502707
2065.0,841,463.18809
2390.0,566,467.713758
2056.0,582,471.895724
4557.0,804,477.782766
7587.0,1435,491.972533
3246.0,705,499.837536
3915.0,938,509.779705
3528.0,1084,521.375076
883.0,549,527.271819
2688.0,739,535.191014
2854.0,827,543.91191
2646.0,734,551.736009
8501.0,1329,566.420603
1290.0,523,572.250885
5860.0,1059,584.433753
1168.0,438,589.421049
1612.0,584,595.45413
6557.0,1505,611.430463
2157.0,735,619.073639
2392.0,800,627.775239
1187.0,582,633.759266
5812.0,781,642.159579
5504.0,1040,653.243407
2001.0,681,660.32218
4075.0,911,670.063115
2040.0,767,678.548648
2698.0,601,685.070738
1837.0,643,691.992062
5364.0,1388,706.849642
2730.0,775,715.072409
6144.0,1048,726.265231
4088.0,925,735.977173
4331.0,1029,746.704768
1972.0,609,753.193629
3611.0,660,760.028565
385.0,388,764.038123
8677.0,1270,777.6048
1573.0,424,781.993817
2565.0,693,789.135584
3895.0,815,797.839066
1198.0,478,802.781855
4183.0,842,811.871942
6518.0,1229,824.758091
5992.0,1396,839.530952
1490.0,539,845.109897
833.0,545,850.803312
2382.0,631,857.468972
741.0,519,862.898946
849.0,515,868.358648
2924.0,469,873.397451
2679.0,701,880.587869
5262.0,1079,892.110511
3320.0,892,901.514436
1080.0,455,906.179735
1495.0,440,910.692692
3372.0,906,920.222426
2867.0,631,926.9802
3498.0,718,934.460041
4115.0,1029,945.215812
2092.0,489,950.352315
6080.0,1061,961.458261
2966.0,713,968.702625
1815.0,565,974.755357
1518.0,676,981.904542
2495.0,778,990.151264
1786.0,807,998.758319
4481.0,988,1009.289688
1863.0,609,1015.753088
1380.0,434,1020.315046
2323.0,481,1025.45302
1050.0,452,1030.103975
1400.0,704,1037.339391
1973.0,599,1043.744099
1696.0,514,1049.129185
3216.0,749,1057.136487
1864.0,791,1065.453633
2898.0,461,1070.00567
5066.0,877,1079.340136
2866.0,822,1088.179605
5675.0,1079,1099.618092
3953.0,1427,1114.887969
5701.0,1072,1126.064799
4345.0,893,1135.519884
5323.0,1182,1148.335191
1972.0,738,1156.490662
3197.0,601,1162.844051
1573.0,650,1170.737291
2087.0,498,1176.744383
2982.0,981,1187.550836
2165.0,738,1196.169609
1129.0,445,1200.791632
2280.0,611,1207.686967
2866.0,683,1215.710558
3393.0,988,1226.423973
8647.0,1295,1240.938026
923.0,391,1245.54082
1176.0,574,1252.304289
2657.0,936,1262.783659
1812.0,638,1269.53328
2507.0,669,1276.675322
3069.0,574,1282.776965
2932.0,796,1291.345793
1709.0,770,1299.654651
2543.0,551,1305.875912
3945.0,907,1315.776922
2763.0,758,1324.019675
2747.0,694,1331.746749
2772.0,959,1342.114026
2088.0,614,1348.731305
5741.0,951,1358.708267
2075.0,583,1365.147978
781.0,589,1371.310783
4595.0,1000,1381.717484
2161.0,598,1388.239335
4315.0,982,1399.003748
3011.0,912,1409.005905
2047.0,466,1414.069496
7126.0,1090,1425.995147
1487.0,507,1432.653881
2550.0,586,1440.691453
4191.0,867,1452.290045
2868.0,744,1462.405879
4021.0,682,1471.491743
5056.0,1237,1487.860712
3695.0,791,1498.501376
3003.0,664,1507.278175
1751.0,487,1513.741117
4637.0,802,1525.551439
1856.0,684,1536.834356
900.0,439,1543.62554
2689.0,750,1555.587074
3631.0,689,1566.29379
3330.0,873,1581.205573
1196.0,448,1588.506971
2232.0,772,1601.004104
5324.0,984,1616.786417
2990.0,556,1625.597633
1221.0,569,1634.611925
1850.0,500,1642.16819
1307.0,404,1648.652554
1464.0,568,1657.534192
3600.0,1171,1676.501824
2423.0,704,1687.671445
2416.0,502,1695.373541
1405.0,535,1703.841681
2268.0,579,1713.398269
3554.0,820,1726.748448
1710.0,562,1735.390964
2915.0,763,1746.678482
3898.0,818,1759.131016
1094.0,595,1768.277787
3377.0,574,1777.134168
2791.0,673,1787.217966
3895.0,687,1797.463472
4350.0,1042,1813.375687
3431.0,804,1825.690852
2710.0,593,1834.910619
2395.0,713,1845.945732
6737.0,1186,1863.919568
4236.0,1025,1879.710735
5905.0,1033,1895.612834
5200.0,1240,1914.423594
2768.0,701,1925.175492
2772.0,797,1937.187679
2909.0,681,1947.621251
2615.0,829,1960.505766
2438.0,670,1970.961393
1238.0,545,1979.671099
1887.0,472,1987.418415
2454.0,690,1997.957188
4692.0,926,2012.412401
2479.0,558,2021.472436
1482.0,460,2028.886596
3518.0,1063,2045.832024
1847.0,609,2055.518012
3529.0,757,2067.593443
2168.0,577,2076.171157
2288.0,643,2085.589916
5356.0,1070,2102.296577
1581.0,816,2114.546571
748.0,284,2118.656198
255.0,315,2123.497453
4164.0,792,2136.074021
2591.0,519,2144.040981
3702.0,1150,2162.110201
2182.0,689,2173.503514
793.0,312,2178.395471
2014.0,598,2188.092862
1975.0,525,2196.6202
1189.0,541,2204.781847
7577.0,1239,2225.111379
3988.0,861,2239.628543
4436.0,670,2250.777116
1299.0,464,2258.373856
1169.0,583,2267.965133
3124.0,584,2277.744709
1895.0,457,2284.942304
1234.0,531,2293.866817
2694.0,537,2302.245897
3077.0,673,2313.12579
3950.0,1106,2330.988663
1631.0,581,2340.055429
4930.0,979,2355.49061
1371.0,376,2361.811849
2128.0,500,2370.229034
4237.0,1053,2387.655335
2838.0,712,2398.885034
1806.0,451,2406.207295
2444.0,527,2414.66168
1375.0,407,2421.368546
3590.0,668,2431.752741
13506.0,1460,2454.365079
1273.0,482,2462.133358
786.0,497,2470.078211
2258.0,595,2480.467619
1188.0,499,2489.183261
1382.0,598,2499.141267
2710.0,643,2509.334
894.0,465,2517.049932
4672.0,1035,2534.263072
1314.0,509,2542.563703
976.0,473,2550.86493
4536.0,766,2563.532083
3698.0,577,2572.471804
7135.0,1203,2592.084215
2096.0,514,2600.112566
2585.0,527,2608.324762
8464.0,1485,2631.255358
1787.0,734,2642.320219
3349.0,645,2652.213847
5091.0,822,2664.792381
1902.0,864,2678.190766
1682.0,728,2689.573416
3578.0,765,2701.374741
3914.0,778,2712.92827
1851.0,510,2720.733938
3004.0,735,2732.084235
2290.0,507,2739.967079
4921.0,813,2752.332718
2798.0,601,2761.639482
1505.0,499,2768.908768
2515.0,558,2777.45301
1910.0,668,2787.423889
2015.0,554,2795.686941
1172.0,458,2802.711621
1688.0,528,2810.870224
2606.0,446,2817.624255
553.0,323,2822.6764
2997.0,676,2833.058799
3574.0,420,2839.45488
5208.0,684,2849.963659
5404.0,1195,2868.739951
2831.0,690,2879.363684
3491.0,795,2891.487899
3856.0,969,2906.584562
1728.0,434,2913.246617
2015.0,407,2919.391917
1453.0,424,2925.71118
5544.0,907,2939.874272
1669.0,594,2948.977691
1656.0,498,2956.72139
1354.0,523,2964.519871
3545.0,851,2977.56918
1691.0,442,2984.48849
3201.0,567,2993.109212
1885.0,643,3003.105425
1587.0,396,3009.211787
1276.0,408,3015.09276
2010.0,586,3024.347755
809.0,416,3030.669938
2669.0,1107,3047.577183
1606.0,356,3053.054496
2774.0,851,3066.143781
1579.0,541,3074.422475
2709.0,680,3084.539221
3962.0,869,3097.720497
2490.0,584,3106.69167
1184.0,387,3112.72133
1878.0,441,3119.510158
1095.0,458,3126.249386
3236.0,502,3133.606704
6412.0,1087,3150.264191
799.0,547,3158.349196
2877.0,551,3166.709348
2438.0,414,3173.059606
5353.0,934,3187.579324
5206.0,951,3202.687829
1543.0,504,3210.139184
2820.0,601,3219.133315
2859.0,614,3228.716119
3505.0,670,3238.760327
2104.0,620,3248.240933
1302.0,596,3257.601086
4080.0,1159,3275.363169
5292.0,1231,3294.655311
2711.0,637,3304.277277
703.0,332,3309.439635
1055.0,477,3316.512845
4227.0,813,3329.518453
4487.0,823,3341.947131
4224.0,756,3353.494725
1888.0,416,3359.780404
4716.0,667,3369.988766
7655.0,1094,3386.874713
1959.0,493,3394.286744
1481.0,476,3401.567524
1580.0,494,3409.11823
2790.0,571,3417.635066
4036.0,852,3430.856161
2115.0,552,3439.262421
2223.0,510,3447.017647
775.0,399,3453.178195
2998.0,524,3461.100613
6081.0,1036,3476.805177
5530.0,846,3490.358337
887.0,447,3497.373079
3975.0,954,3512.337008
2085.0,552,3520.792801
3424.0,667,3531.109047
2454.0,589,3540.17019
3511.0,640,3549.786415
1699.0,550,3558.451542
4127.0,688,3569.004568
1889.0,466,3576.058637
3866.0,591,3585.057751
1694.0,636,3594.754092
1987.0,588,3604.069912
4346.0,709,3615.643255
3610.0,1066,3632.56675
7084.0,990,3648.948791
3502.0,624,3658.82529
4219.0,726,3670.193943
1367.0,552,3678.844915
4524.0,847,3691.985909
4158.0,757,3703.830285
1746.0,686,3714.654225
1850.0,574,3723.594937
2302.0,628,3733.120369
1213.0,538,3742.16254
8495.0,948,3758.745339
2588.0,637,3770.214936
3158.0,695,3782.093091
5186.0,765,3796.326435
1767.0,570,3806.781972
8668.0,1151,3826.831826
1910.0,761,3840.185391
3692.0,648,3851.596007
1656.0,586,3862.003918
6606.0,935,3880.156082
8437.0,1180,3902.896003
2498.0,694,3915.852693
2437.0,601,3927.174392
3407.0,760,3942.382424
2773.0,650,3955.276866
6822.0,1290,3980.623298
4677.0,760,3996.098651
3939.0,648,4008.788497
3251.0,613,4020.619376
4949.0,981,4039.651395
5138.0,818,4055.03518
3240.0,805,4071.124722
3941.0,739,4085.306711
1619.0,433,4093.257178
7093.0,1118,4115.221932
2215.0,477,4123.879561
2604.0,480,4133.164713
4164.0,853,4150.27238
1592.0,543,4160.603653
2835.0,687,4173.797954
3112.0,744,4188.242673
3668.0,830,4204.621772
2537.0,539,4214.945809
3776.0,656,4227.509116
556.0,294,4233.139406
3063.0,822,4248.946203
1702.0,440,4257.2241
2473.0,555,4267.96569
1312.0,470,4276.946119
4561.0,860,4293.783644
975.0,407,4301.33747
2287.0,610,4313.608573
1888.0,584,4325.384668
3112.0,505,4335.265351
4995.0,895,4352.660753
1029.0,351,4358.981613
1523.0,640,4371.748271
2820.0,579,4383.029182
3497.0,727,4397.389426
3920.0,605,4408.886429
3116.0,823,4425.552205
4357.0,807,4441.080412
4148.0,762,4455.87273
5281.0,836,4472.522902
1804.0,573,4483.941225
3472.0,780,4499.104305
2398.0,640,4511.210206
3844.0,753,4525.893837
542.0,326,4532.095587
1445.0,528,4542.136482
4450.0,849,4558.308726
2221.0,620,4570.101802
5813.0,1160,4592.781591
3071.0,885,4610.708244
1269.0,401,4618.755564
5259.0,954,4637.693138
3249.0,687,4651.048032
1282.0,631,4663.459083
5434.0,1037,4684.017397
6448.0,1296,4709.522791
2768.0,785,4724.591369
3041.0,594,4736.219623
9124.0,1204,4759.200783
1982.0,549,4770.168314
1899.0,546,4781.179628
1327.0,449,4789.839798
894.0,431,4798.295503
5144.0,927,4816.089481
4842.0,854,4833.401102
6640.0,1056,4854.028217
2705.0,825,4870.317446
4069.0,754,4884.896512
4251.0,873,4902.554389
2594.0,648,4914.935009
4646.0,1058,4935.931156
3998.0,694,4949.695577
4081.0,926,4967.976823
911.0,362,4975.189032
4496.0,761,4990.517653
2388.0,629,5002.809063
1406.0,477,5012.586486
3052.0,753,5027.089068
3362.0,703,5040.339986
1284.0,419,5048.77997
2515.0,518,5058.595283
4690.0,664,5071.959569
1491.0,650,5084.872476
5525.0,922,5102.754009
4633.0,902,5121.097932
2108.0,636,5133.789304
4257.0,734,5147.874547
2407.0,670,5161.990134
4425.0,929,5180.125376
3524.0,853,5197.164932
2221.0,584,5208.783225
2332.0,526,5219.540748
3516.0,668,5232.895842
3870.0,734,5247.255399
1817.0,484,5256.826895
5322.0,762,5271.46735
2221.0,767,5287.713424
7045.0,1044,5308.354269
2733.0,677,5322.426893
3937.0,768,5337.527079
5989.0,982,5356.282743
3831.0,605,5368.112966
3122.0,723,5381.584564
3774.0,768,5396.508334
736.0,302,5402.642177
1932.0,621,5414.212804
1898.0,556,5424.353087
2289.0,525,5434.57513
1506.0,501,5444.193804
1808.0,595,5454.962896
4021.0,761,5469.52802
2780.0,807,5484.858065
2994.0,711,5498.646674
4482.0,1045,5518.132336
2189.0,573,5529.051118
2894.0,561,5539.608491
2270.0,574,5550.695564
1830.0,552,5560.918626
3527.0,568,5571.647575
1697.0,640,5583.809266
9946.0,1231,5606.86661
4164.0,670,5619.53713
2278.0,532,5629.392692
1879.0,575,5640.833721
1533.0,579,5651.910722
2209.0,426,5660.056736
2717.0,594,5671.220304
5960.0,748,5685.29133
2828.0,578,5695.497344
3371.0,667,5708.944252
1158.0,514,5718.785871
5180.0,886,5735.27888
1440.0,477,5744.09968
2955.0,627,5756.393853
5661.0,859,5773.450818
2871.0,553,5784.332721
6138.0,766,5799.239464
1954.0,791,5814.009568
2376.0,443,5822.56021
1130.0,549,5832.96349
3704.0,759,5847.688983
1543.0,435,5856.212531
2007.0,564,5866.748275
3971.0,707,5880.22736
2677.0,789,5895.208739
2601.0,609,5906.764628
1421.0,634,5919.098244
2083.0,590,5929.922359
4113.0,742,5944.450746
4180.0,906,5961.741303
3730.0,840,5978.168619
2594.0,558,5989.062161
2120.0,586,6000.205942
3311.0,570,6011.051782
1942.0,475,6020.270951
2032.0,609,6031.801125
2264.0,682,6045.043997
3607.0,825,6060.91482
4310.0,597,6072.400606
643.0,387,6079.838577
2671.0,493,6089.369332
755.0,478,6098.875215
4516.0,1048,6118.640378
2278.0,518,6128.668066
818.0,496,6137.634944
3966.0,841,6153.352615
1968.0,506,6162.448581
1070.0,608,6173.778965
8754.0,1094,6195.118662
6273.0,1023,6214.22916
2768.0,625,6225.832375
1225.0,503,6235.41477
3092.0,802,6250.438426
1986.0,478,6259.284969
3977.0,794,6274.148523
5113.0,849,6290.412912
6972.0,965,6309.376045
8451.0,1202,6333.997579
3074.0,646,6345.89346
6484.0,927,6362.951156
3509.0,567,6373.738038
895.0,465,6382.629242
1187.0,504,6391.951346
4305.0,997,6410.707971
4253.0,759,6425.676372
3670.0,843,6441.991703
3151.0,850,6458.3965
6123.0,885,6475.250993
4308.0,679,6487.89456
4996.0,1045,6508.160397
2174.0,518,6517.962057
2772.0,679,6530.426702
832.0,434,6538.829708
1925.0,521,6548.783073
3483.0,545,6559.172611
6217.0,892,6576.170572
2832.0,611,6587.346136
4953.0,907,6603.942932
2135.0,517,6613.50452
1829.0,442,6621.40699
1942.0,674,6633.573399
4050.0,655,6646.029392
1443.0,467,6654.935014
4333.0,845,6671.155311
3061.0,638,6683.200183
3687.0,708,6696.467777
3154.0,900,6714.137263
6309.0,1070,6734.805369
2496.0,591,6746.239946
2704.0,571,6757.215897
3360.0,570,6768.036089
1832.0,476,6776.907475
4272.0,738,6790.980411
2319.0,651,6803.385657
1934.0,552,6813.639174
1625.0,664,6825.983531
3152.0,582,6836.97275
912.0,538,6847.207936
1207.0,415,6854.926712
1052.0,514,6864.830879
2169.0,599,6876.652532
923.0,510,6886.293023
3937.0,593,6897.08986
3654.0,676,6909.862108
4898.0,824,6925.356514
5614.0,1127,6947.582728
2844.0,546,6957.832475
2145.0,728,6971.348545
833.0,409,6979.571644
1487.0,584,6990.450519
5061.0,1110,7011.506513
1081.0,670,7024.278067
1082.0,419,7032.366195
4975.0,694,7045.455234
3550.0,623,7058.049789
4028.0,761,7072.586719
5507.0,718,7085.664093
1677.0,342,7091.589717
4467.0,1014,7110.769182
1999.0,455,7119.474364
3559.0,681,7132.310579
1682.0,575,7143.314644
1295.0,401,7150.755405
3294.0,741,7164.721209
6833.0,771,7178.899183
4726.0,994,7198.298337
4639.0,847,7214.486933
1391.0,411,7222.062344
1716.0,585,7233.516644
3581.0,647,7245.918635
1010.0,421,7253.569121
1016.0,410,7260.875337
2136.0,399,7268.454216
2624.0,585,7279.762771
2213.0,555,7290.282844
3052.0,624,7302.082428
5099.0,730,7316.656262
5745.0,754,7330.865326
3631.0,603,7342.734716
2827.0,519,7352.421008
867.0,461,7361.085048
2296.0,512,7370.512432
2297.0,566,7381.102448
2886.0,677,7393.564982
2711.0,588,7404.421076
4858.0,1027,7423.691831
2267.0,523,7433.274552
2924.0,595,7444.500644
2310.0,535,7454.448947
1667.0,527,7464.704928
4324.0,776,7478.803532
4510.0,900,7496.121373
1789.0,450,7505.035686
2738.0,520,7515.077779
2618.0,809,7530.205525
3689.0,659,7542.914785
2985.0,715,7556.599437
6168.0,938,7574.701574
2329.0,577,7585.861734
1644.0,405,7593.379663
7693.0,1087,7615.039859
1512.0,424,7622.95567
4721.0,853,7639.632527
5770.0,891,7656.798727
1314.0,419,7665.161571
2545.0,857,7681.619865
2194.0,511,7691.244635
583.0,433,7698.757267
3507.0,543,7708.914728
2309.0,480,7717.670424
3984.0,808,7732.895822
3235.0,701,7745.886322
1984.0,467,7755.062799
4093.0,708,7768.55886
1392.0,478,7778.059635
2301.0,488,7787.482877
3804.0,846,7803.35736
9812.0,1248,7826.869035
1896.0,581,7837.570869
3433.0,651,7849.508301
3315.0,746,7863.676784
2382.0,749,7878.045943
522.0,486,7887.138365
3150.0,591,7898.095258
4434.0,1037,7918.534736
2687.0,634,7930.656975
1888.0,484,7940.26897
992.0,582,7951.803303
1565.0,526,7961.601062
991.0,394,7969.449616
4753.0,679,7982.464392
2429.0,584,7992.898638
1270.0,382,7999.735846
2837.0,598,8010.538329
2888.0,552,8021.32995
823.0,383,8028.464419
8173.0,1038,8048.256434
1976.0,602,8060.270142
2703.0,742,8073.990578
812.0,386,8081.594541
670.0,449,8089.578216
558.0,256,8094.443731
3323.0,670,8107.565485
932.0,507,8116.729781
4606.0,737,8130.75707
1280.0,477,8139.552073
7006.0,837,8156.071844
1423.0,494,8165.387366
4757.0,915,8182.727515
3823.0,709,8196.52383
2895.0,693,8210.023755
1937.0,503,8219.619824
2755.0,638,8231.730756
1694.0,597,8242.702615
2848.0,689,8255.766002
2718.0,738,8270.00947
3075.0,809,8285.789035
901.0,444,8294.325135
1797.0,477,8302.98203
1712.0,454,8311.581687
2568.0,534,8321.617685
1979.0,600,8333.39128
5036.0,989,8352.470005
2047.0,486,8361.695224
3690.0,617,8373.709982
1697.0,617,8385.178159
4106.0,536,8395.34748
2150.0,588,8406.625613
4043.0,541,8416.51265
10352.0,1283,8441.415989
2206.0,548,8452.14593
5151.0,750,8466.55501
3063.0,680,8479.606599
1701.0,559,8490.49911
2643.0,558,8500.777761
3773.0,749,8515.475201
2787.0,618,8527.297113
3516.0,809,8542.976104
3259.0,619,8554.658244
2384.0,465,8563.469682
1409.0,526,8573.347743
2881.0,532,8583.319457
5329.0,760,8597.709888
5929.0,862,8614.463709
2212.0,608,8625.425654
2246.0,560,8635.573447
2990.0,678,8648.331864
3849.0,766,8663.015224
3795.0,857,8679.578213
3242.0,766,8693.697585
1128.0,400,8701.645664
2231.0,492,8710.865246
573.0,519,8721.045818
1123.0,418,8729.397634
1646.0,432,8737.571113
2306.0,504,8746.886136
2836.0,775,8761.470062
1403.0,526,8771.213053
2023.0,589,8782.261735
8619.0,993,8800.456995
3297.0,638,8812.591661
1087.0,487,8821.822592
3936.0,668,8834.759897
2615.0,499,8844.310314
3580.0,570,8855.409882
7825.0,897,8872.078866
1276.0,497,8881.299809
4617.0,859,8898.036539
2290.0,485,8907.39154
7659.0,954,8925.726779
3588.0,584,8936.602166
1802.0,484,8945.71718
1985.0,619,8957.414083
2631.0,536,8967.121696
4758.0,865,8983.270911
2022.0,464,8991.835046
1937.0,510,9001.614652
1987.0,616,9012.833015
1133.0,335,9018.928081
3663.0,711,9032.289574
2780.0,598,9043.46792
2832.0,503,9053.072359
644.0,389,9060.414129
5605.0,911,9077.882211
2863.0,567,9089.046306
6822.0,1039,9108.957106
4025.0,925,9126.290103
1696.0,509,9135.936539
4700.0,1032,9155.177439
5072.0,788,9169.904226
5195.0,792,9184.595993
1350.0,405,9192.31541
1594.0,452,9200.967665
4911.0,755,9215.524845
4286.0,733,9229.98785
1596.0,465,9239.196697
2178.0,498,9248.700291
3016.0,618,9260.392727
1671.0,509,9270.092254
3535.0,604,9281.852572
1645.0,482,9290.382782
3998.0,950,9307.960149
2361.0,524,9318.516945
2124.0,567,9328.917068
6396.0,975,9347.61426
4841.0,959,9365.092509
2564.0,441,9374.019225
863.0,440,9381.960438
5953.0,806,9397.530196
7393.0,951,9415.595347
1341.0,467,9424.378696
4218.0,714,9438.271807
2833.0,500,9447.253711
2224.0,509,9457.026699
1042.0,391,9464.323455
2648.0,497,9473.977642
3362.0,564,9484.941075
2499.0,673,9497.056628
3474.0,634,9509.113746
3515.0,694,9522.668855
2101.0,460,9530.854191
1060.0,388,9538.42224
4679.0,636,9550.059633
2071.0,557,9560.98692
2856.0,565,9571.949062
4162.0,611,9583.846828
3727.0,641,9596.064957
5210.0,683,9609.30396
1323.0,454,9617.856888
2365.0,544,9628.683975
3537.0,745,9642.296878
3506.0,570,9653.690316
2233.0,488,9662.739154
4980.0,694,9676.120083
1896.0,403,9683.558174
1375.0,459,9692.061519
4733.0,844,9708.283072
2091.0,425,9716.351014
2086.0,501,9725.809398
888.0,478,9735.228065
2793.0,622,9746.593367
4419.0,793,9760.80751
3407.0,733,9774.566169
2095.0,633,9786.271068
6393.0,699,9799.710478
3726.0,516,9810.127695
2412.0,528,9819.748222
1341.0,395,9827.366831
1921.0,561,9838.111225
4839.0,745,9852.281806
3990.0,712,9865.048983
1116.0,430,9873.231035
2445.0,502,9882.126035
3958.0,664,9894.80488
2505.0,523,9904.87606
1506.0,515,9914.662171
3282.0,697,9927.665823
3350.0,591,9939.505551
2927.0,635,9951.012443
2628.0,596,9962.036525
2679.0,549,9972.206816
1397.0,427,9979.622332
2616.0,558,9990.554754
1134.0,527,10000.558517
3208.0,622,10012.213157
8826.0,1113,10033.370896
1008.0,477,10042.344808
9987.0,1465,10070.360035
3917.0,620,10082.492982
2643.0,517,10092.579231
1447.0,577,10103.526432
2033.0,532,10113.894732
1738.0,558,10124.172002
4257.0,881,10141.527329
2274.0,639,10153.693946
2298.0,530,10163.736039
2197.0,526,10173.855791
3675.0,942,10192.213728
6590.0,1070,10211.794672
4080.0,692,10224.480799
4504.0,790,10239.992131
1559.0,556,10250.856165
3910.0,712,10264.463035
2223.0,569,10275.157675
2067.0,460,10284.107797
3562.0,670,10296.884485
2789.0,653,10309.458976
6017.0,863,10325.603564
5525.0,1042,10345.597169
1605.0,407,10353.282132
4193.0,799,10368.804743
2229.0,616,10380.631174
2071.0,455,10388.957412
1397.0,494,10397.975256
5141.0,878,10415.013108
1897.0,473,10423.393146
5175.0,891,10439.656451
1998.0,520,10449.652028
3722.0,679,10461.906569
3831.0,846,10478.274039
2051.0,553,10488.842433
6540.0,753,10503.326492
1484.0,432,10511.322879
1599.0,509,10520.304001
3787.0,657,10532.951997
3204.0,776,10547.888519
4135.0,724,10562.226628
1379.0,382,10569.625228
1225.0,517,10579.406408
2677.0,661,10592.037443
4224.0,775,10606.367383
2102.0,572,10617.050272
5558.0,889,10633.573559
2082.0,554,10644.010346
2048.0,517,10653.793456
4009.0,702,10667.785825
1019.0,453,10675.888905
4201.0,658,10688.663871
1308.0,382,10695.705712
2484.0,562,10706.50755
5393.0,807,10721.480165
3694.0,597,10732.70073
8067.0,1148,10754.129279
1924.0,475,10763.382177
3804.0,756,10777.421248
3279.0,832,10792.952855
3241.0,592,10804.532528
2144.0,554,10814.959269
1162.0,337,10821.432403
3821.0,698,10834.499402
2918.0,595,10846.029777
1683.0,506,10855.765064
3329.0,710,10869.055234
583.0,399,10876.426336
2574.0,551,10886.837975
2547.0,564,10898.123629
3604.0,677,10910.747151
1837.0,584,10922.068227
2720.0,600,10933.440756
2526.0,505,10942.5777
1388.0,592,10953.690427
3061.0,562,10964.567477
4685.0,792,10979.163414
4790.0,838,10994.832224
2703.0,511,11004.491323
4006.0,681,11017.587658
3628.0,759,11031.928828
1165.0,439,11040.04024
1998.0,427,11047.954657
838.0,372,11054.720175
1336.0,550,11065.228607
3175.0,656,11077.810168
2926.0,579,11089.513001
4095.0,962,11107.693984
3378.0,737,11121.806032
1118.0,387,11129.579496
5213.0,942,11147.258118
1099.0,372,11154.137244
4499.0,733,11168.444098
3105.0,699,11181.465006
6002.0,871,11197.641935
8357.0,1118,11219.435689
2005.0,473,11228.07616
7107.0,1034,11247.564311
1939.0,499,11257.220734
991.0,463,11265.825573
1498.0,577,11276.488361
7184.0,962,11295.056922
5547.0,1157,11316.529617
1405.0,463,11325.544274
4056.0,871,11342.242126
5829.0,692,11355.421729
2767.0,627,11366.916701
2483.0,631,11378.904684
1753.0,524,11388.901833
988.0,372,11395.947858
2323.0,593,11407.758315
1411.0,461,11416.857062
4540.0,737,11429.9243
5496.0,904,11447.007729
1801.0,451,11455.512838
2687.0,543,11465.544795
4673.0,701,11478.870636
3884.0,719,11492.298313
3010.0,646,11504.759111
1912.0,389,11511.795779
2930.0,588,11523.061744
4333.0,753,11536.668046
4254.0,777,11552.151904
4016.0,738,11566.51271
986.0,455,11575.402643
3974.0,634,11587.798691
500.0,430,11595.906736
6606.0,789,11611.280142
3538.0,498,11620.710138
6331.0,972,11639.71225
992.0,375,11647.025736
2109.0,570,11657.810004
2945.0,557,11668.177071
2870.0,442,11676.439712
1098.0,483,11685.780846
922.0,468,11694.235648
3423.0,555,11705.251285
7346.0,1158,11727.783913
1108.0,439,11735.831162
1996.0,414,11743.632453
594.0,345,11750.228168
1850.0,569,11760.649445
1997.0,430,11768.880401
6689.0,934,11786.38626
1910.0,447,11794.544966
2913.0,536,11804.407042
2656.0,671,11817.138678
2861.0,531,11827.252649
1331.0,501,11836.301727
1360.0,377,11843.369736
1908.0,482,11852.497897
3808.0,504,11862.093881
2659.0,577,11872.790444
3544.0,592,11883.864023
3783.0,619,11895.440791
2485.0,571,11906.004987
3321.0,661,11918.421839
1669.0,418,11926.163976
4453.0,679,11938.892452
1462.0,504,11948.173413
3280.0,580,11958.603815
826.0,433,11966.674769
1991.0,722,11980.252029
2749.0,601,11991.752229
2990.0,611,12003.531366
4454.0,647,12015.665445
1823.0,437,12024.239018
5483.0,844,12039.706691
1133.0,388,12047.287134
1995.0,436,12055.416383
4346.0,812,12071.388064
562.0,310,12076.629878
3391.0,550,12087.469593
1150.0,575,12097.921382
3043.0,504,12107.497227
4672.0,643,12120.28472
1936.0,448,12128.563693
5384.0,780,12143.997746
5188.0,718,12158.016005
5069.0,689,12171.121885
638.0,292,12176.610626
4725.0,872,12193.633907
5143.0,742,12207.20199
1777.0,477,12216.252626
1851.0,421,12224.534197
702.0,430,12232.523268
1797.0,507,12242.337019
1867.0,437,12250.71879
2032.0,431,12258.658759
3111.0,593,12270.520392
3634.0,625,12282.795307
3388.0,666,12295.331736
4305.0,767,12309.849496
2885.0,500,12319.082299
2012.0,517,12328.514787
851.0,329,12334.639953
3106.0,461,12343.360035
2009.0,455,12351.985859
2367.0,450,12360.55826
4814.0,696,12373.782002
2775.0,443,12381.870465
1749.0,412,12389.643256
2774.0,555,12399.918093
3844.0,623,12411.805234
2048.0,564,12422.717376
884.0,345,12429.34135
4791.0,750,12443.70164
1061.0,293,12449.55102
2222.0,578,12460.295812
1495.0,430,12468.548421
879.0,443,12477.191696
508.0,337,12483.793765
4290.0,713,12497.062514
4824.0,728,12510.788042
3004.0,601,12521.573125
1326.0,441,12530.412975
3861.0,773,12545.170595
1087.0,460,12553.83252
2443.0,548,12564.517444
1907.0,482,12573.156151
2857.0,503,12582.997518
763.0,298,12588.540128
2535.0,580,12599.866985
4331.0,796,12614.974057
3801.0,567,12625.769987
2468.0,576,12636.733269
4063.0,742,12650.617987
2189.0,521,12660.403104
3966.0,569,12671.37752
2582.0,506,12680.804317
5371.0,688,12693.66178
5077.0,739,12708.395602
1608.0,463,12717.188344
5927.0,749,12731.841358
1862.0,471,12740.470261
1678.0,473,12749.287486
4408.0,820,12765.077296
1646.0,500,12774.146823
1891.0,481,12783.227631
4820.0,767,12798.265899
943.0,438,12806.595334
4517.0,793,12821.070817
2398.0,632,12833.473068
2289.0,561,12844.085301
5979.0,880,12860.47464
5677.0,911,12877.916215
5711.0,962,12896.185472
3888.0,678,12908.807044
5290.0,759,12923.514623
4758.0,808,12939.276963
3503.0,652,12951.783532
578.0,323,12958.007962
830.0,339,12964.150865
2050.0,464,12973.265952
3941.0,689,12986.761433
3009.0,645,12998.907408
7184.0,824,13014.952008
1532.0,414,13022.794141
2892.0,545,13033.2411
5240.0,876,13050.397058
4362.0,606,13061.597572
3916.0,672,13074.744079
6377.0,897,13091.63463
1684.0,550,13102.07701
4517.0,632,13113.902455
3752.0,509,13123.337928
6058.0,865,13139.752684
4431.0,807,13155.301738
982.0,430,13163.275784
7250.0,895,13181.135354
2084.0,501,13190.519819
4080.0,817,13205.537537
2598.0,541,13215.809294
2214.0,602,13228.066993
662.0,319,13234.130736
1840.0,653,13246.718747
1232.0,446,13254.934831
3357.0,657,13267.472762
7517.0,871,13284.275553
8231.0,1017,13303.427975
1125.0,430,13311.655901
5262.0,684,13324.491189
1716.0,441,13332.649618
1315.0,508,13342.467134
1900.0,526,13352.616544
1094.0,490,13362.098977
2237.0,562,13372.526639
2181.0,562,13383.278865
5610.0,784,13398.532014
874.0,306,13404.043388
3299.0,639,13416.343781
2252.0,509,13425.868565
800.0,314,13431.542977
3468.0,567,13442.217907
1912.0,496,13451.736268
2626.0,467,13460.627375
5583.0,747,13475.211052
1759.0,435,13483.189673
1302.0,384,13490.532376
1264.0,402,13497.881706
2515.0,541,13508.191359
2385.0,525,13518.148708
2205.0,492,13527.17561
10293.0,1300,13552.066139
4271.0,659,13564.463384
2969.0,432,13572.958486
2136.0,586,13583.770394
7563.0,1259,13607.578723
1102.0,459,13615.823483
2331.0,559,13626.545637
6504.0,902,13643.62243
4615.0,665,13655.916632
2339.0,507,13665.04776
3071.0,570,13675.580426
2479.0,473,13684.708744
1995.0,572,13695.454573
2873.0,581,13706.794613
2200.0,577,13717.266886
1615.0,498,13726.7243
4632.0,877,13743.348992
4840.0,673,13756.506751
5251.0,687,13769.643953
2506.0,611,13781.160011
2121.0,406,13788.597423
4408.0,774,13803.161289
3547.0,691,13815.855395
3937.0,585,13826.965008
5386.0,820,13841.982072
3588.0,536,13851.904532
3060.0,636,13863.895476
3215.0,703,13877.093271
7783.0,894,13894.377196
1025.0,396,13901.790501
5259.0,846,13918.198993
2156.0,528,13928.061335
5781.0,931,13945.129053
1557.0,597,13956.151468
1991.0,452,13964.957496
5619.0,823,13980.919327
2633.0,537,13991.467039
2298.0,576,14002.235163
768.0,390,14009.643846
3939.0,773,14024.375626
4747.0,758,14038.657367
2960.0,603,14050.244874
1500.0,475,14059.408215
4775.0,721,14072.461668
4376.0,685,14085.866618
3242.0,601,14097.332803
2679.0,603,14108.840089
3535.0,714,14122.02817
2024.0,598,14133.420369
1172.0,356,14140.102661
2519.0,437,14148.42363
1820.0,458,14157.073974
3291.0,603,14168.947468
2281.0,388,14176.258416
5605.0,930,14194.513297
3438.0,928,14212.678449
2082.0,683,14225.49251
1114.0,369,14232.533438
1990.0,542,14242.590067
1011.0,402,14250.288498
7516.0,1125,14271.542667
869.0,367,14278.260349
1922.0,475,14287.413881
1402.0,460,14296.197029
4344.0,683,14309.303158
5048.0,714,14323.42937
1294.0,414,14331.107467
3139.0,651,14343.199558
4753.0,691,14356.140002
1973.0,497,14365.578341
1294.0,392,14373.210673
5403.0,836,14389.508225
778.0,317,14395.649955
1791.0,519,14405.224085
3309.0,675,14417.791465
2489.0,620,14429.515197
3319.0,558,14440.158017
1193.0,432,14448.275639
4887.0,841,14463.958564
2556.0,588,14474.352294
1484.0,468,14483.356595
3121.0,564,14493.992898
907.0,398,14501.384107
1117.0,379,14508.525445
2736.0,576,14519.518075
1581.0,456,14528.4667
3059.0,566,14539.438966
2765.0,466,14548.331435
1115.0,365,14555.255553
2106.0,410,14563.183417
1817.0,378,14570.43281
1838.0,413,14578.337575
5443.0,1162,14601.281222
3655.0,687,14614.424211
3123.0,724,14628.439445
5312.0,820,14643.714165
2358.0,560,14654.075789
4685.0,846,14670.46397
4370.0,645,14683.016105
3898.0,565,14693.20027
803.0,396,14700.42121
3626.0,629,14712.213643
3095.0,599,14723.82584
2115.0,467,14732.547877
2694.0,523,14742.584165
2493.0,596,14754.051652
8737.0,1232,14778.006802
4879.0,914,14795.009613
1747.0,567,14805.870633
2150.0,555,14816.255805
5386.0,1024,14835.665116
4657.0,630,14847.526247
1820.0,392,14855.234727
3386.0,622,14867.225616
2843.0,630,14878.939014
1303.0,456,14887.416456
2548.0,531,14897.564262
1059.0,497,14906.750389
2665.0,655,14919.588174
1896.0,518,14929.270385
2045.0,490,14938.788239
990.0,367,14946.078789
2841.0,543,14956.143164
1944.0,410,14963.990632
6004.0,784,14979.171001
1584.0,505,14988.82374
4693.0,611,15000.550501
1566.0,364,15007.378391
2120.0,369,15014.065793
4381.0,622,15026.008835
3559.0,628,15038.295195
2235.0,645,15050.228448
1890.0,345,15057.259704
2303.0,569,15067.736581
2836.0,651,15079.461107
1359.0,334,15085.700178
2880.0,504,15094.957041
2872.0,570,15106.165275
1612.0,454,15114.839474
1966.0,554,15125.443516
3505.0,702,15138.533652
2170.0,463,15146.966743
5317.0,889,15162.760435
3166.0,584,15173.327923
1214.0,489,15182.555765
1321.0,437,15191.076042
2777.0,565,15201.66266
1126.0,532,15212.146684
2321.0,502,15221.737526
4519.0,734,15235.299151
6375.0,882,15252.065148
2290.0,455,15260.778091
3047.0,588,15271.875567
4744.0,902,15289.213703
2396.0,734,15302.68041
2283.0,436,15310.182224
7047.0,828,15325.686885
1482.0,398,15332.609631
7510.0,887,15349.696059
3760.0,747,15364.278038
4812.0,878,15381.150473
4746.0,782,15396.388721
1376.0,438,15404.127808
2807.0,738,15417.800884
2618.0,597,15429.152729
4680.0,768,15443.712355
2435.0,445,15451.725401
4553.0,746,15465.782552
2768.0,585,15476.757011
1906.0,456,15485.145402
3801.0,732,15498.778495
851.0,363,15505.564646
2159.0,507,15515.359401
1664.0,398,15522.941912
3714.0,504,15532.378135
4755.0,718,15546.013201
1182.0,376,15552.852806
1215.0,439,15561.15506
4574.0,820,15576.366766
2384.0,523,15585.825806
1379.0,440,15594.444788
4706.0,760,15609.136442
3450.0,562,15620.045075
1484.0,440,15628.237302
1157.0,421,15635.759265
1889.0,505,15645.003066
1211.0,459,15653.945525
1697.0,560,15664.089284
1692.0,396,15670.989093
1395.0,328,15677.180141
1932.0,477,15686.239389
3011.0,652,15698.489664
1179.0,484,15708.058577
3689.0,673,15720.334473
949.0,393,15728.076045
2752.0,545,15738.583703
5111.0,818,15754.846873
2014.0,507,15764.233602
672.0,248,15768.678694
2488.0,469,15777.603431
2963.0,567,15788.358082
2906.0,513,15798.053765
4058.0,705,15811.683473
4396.0,758,15825.889642
1622.0,420,15833.963975
1611.0,385,15840.992145
4265.0,789,15856.127781
2587.0,554,15866.858346
2923.0,661,15879.293245
1523.0,475,15888.677649
6127.0,901,15905.739547
1717.0,394,15913.411349
4855.0,567,15923.692072
1386.0,395,15931.141395
3873.0,767,15945.985438
1152.0,371,15952.620928
2002.0,435,15960.73824
3719.0,744,15975.618895
1601.0,464,15985.141884
2610.0,629,15997.260821
908.0,377,16004.107259
8401.0,979,16023.491921
4020.0,768,16037.701425
1061.0,305,16043.44379
1344.0,334,16050.230376
938.0,346,16056.762376
3424.0,712,16070.435483
1323.0,387,16077.74384
3518.0,505,16087.184415
4321.0,753,16101.475686
776.0,389,16108.672674
4857.0,702,16121.735513
2390.0,653,16134.219585
1189.0,366,16141.155581
3454.0,742,16154.955315
2503.0,502,16164.200552
3945.0,583,16175.683835
6395.0,959,16193.914961
1101.0,377,16200.957805
4242.0,716,16214.585374
3361.0,542,16224.579194
2234.0,587,16235.912561
1303.0,415,16243.72358
3262.0,727,16257.151663
1587.0,567,16267.836058
3076.0,562,16278.212322
1288.0,406,16286.366869
2789.0,604,16297.946283
3995.0,625,16310.181061
1988.0,448,16318.349342
994.0,334,16324.515537
2043.0,411,16332.39629
1979.0,449,16340.747819
3035.0,576,16351.688528
682.0,338,16358.003846
2006.0,448,16366.588692
3147.0,558,16377.128152
2861.0,546,16387.494964
4014.0,520,16397.369048
3992.0,579,16407.923212
2080.0,729,16421.14974
4184.0,716,16434.626407
1871.0,674,16447.380782
4600.0,624,16458.965515
794.0,386,16466.174462
6232.0,783,16481.073181
5800.0,867,16496.625274
4188.0,858,16513.238508
1007.0,333,16519.514502
4063.0,761,16533.413557
1186.0,368,16540.582063
5582.0,763,16555.495956
6689.0,694,16569.308215
3027.0,555,16580.273655
5957.0,846,16595.953373
5153.0,766,16610.667837
2220.0,581,16622.073581
1010.0,389,16629.351772
1899.0,455,16637.910718
1418.0,394,16645.373797
1595.0,561,16655.944837
1735.0,480,16664.920968
3254.0,673,16677.921918
8414.0,935,16695.616407
2045.0,529,16705.44753
1446.0,498,16714.074281
5608.0,755,16727.432314
2414.0,485,16736.27152
8599.0,844,16752.159437
4633.0,715,16765.460865
4884.0,751,16780.887378
2809.0,387,16788.270981
5735.0,1076,16808.858763
5713.0,794,16823.084059
3372.0,576,16834.476467
1011.0,356,16841.282877
3469.0,737,16855.565758
5898.0,1053,16875.745739
2818.0,486,16885.072874
3064.0,616,16896.858304
1316.0,434,16905.009798
2531.0,597,16915.925073
1804.0,649,16928.378177
2984.0,671,16941.410532
1326.0,387,16948.965784
3509.0,720,16962.932759
2102.0,521,16972.500623
4121.0,616,16984.383044
4920.0,671,16997.638167
3266.0,520,17007.502939
3271.0,561,17017.889694
2540.0,569,17028.099971
1661.0,405,17035.332189
4813.0,724,17048.961028
5300.0,1034,17068.603271
2704.0,493,17078.139102
2336.0,565,17088.769507
3538.0,814,17104.335895
1785.0,408,17112.354744
3407.0,640,17124.179585
2342.0,476,17132.842909
2299.0,507,17142.23191
2526.0,516,17151.815068
3168.0,591,17163.091074
3468.0,553,17173.600082
1549.0,455,17182.194886
2997.0,434,17190.331435
1215.0,404,17197.671521
4522.0,674,17210.552384
1212.0,458,17218.072601
3581.0,646,17228.96702
1176.0,440,17236.903755
1686.0,399,17243.943781
4313.0,815,17257.895188
2685.0,552,17266.993563
3119.0,606,17277.520376
2394.0,630,17288.773436
2905.0,562,17298.350971
3226.0,683,17310.65183
1401.0,414,17317.512928
2829.0,555,17326.706836
2238.0,560,17336.824196
3437.0,664,17348.082837
6321.0,895,17363.40285
1526.0,486,17371.836286
2821.0,579,17382.061627
2640.0,523,17390.968906
4287.0,812,17404.751234
2628.0,620,17415.66212
4492.0,699,17427.60696
4343.0,710,17440.022089
793.0,428,17447.333697
2444.0,511,17456.200065
2409.0,400,17462.802367
4699.0,809,17476.791078
3052.0,552,17486.487344
5833.0,918,17502.143213
6781.0,893,17517.757981
3413.0,573,17527.910595
2706.0,649,17539.272229
4050.0,583,17549.200262
1171.0,459,17557.197453
4921.0,653,17568.568003
2349.0,631,17579.453489
2313.0,498,17588.248878
4820.0,710,17600.917446
2211.0,537,17610.282135
5957.0,895,17625.805704
3669.0,581,17636.070036
2588.0,568,17646.434953
3406.0,631,17657.517292
3740.0,610,17667.821221
1868.0,397,17675.012386
4203.0,627,17685.98711
3032.0,516,17695.063273
1520.0,431,17702.668646
1477.0,404,17709.52632
4109.0,835,17723.667974
1694.0,401,17730.66443
3344.0,505,17739.217475
5356.0,687,17751.220814
1114.0,405,17758.522503
2209.0,441,17765.983757
4171.0,720,17778.19735
3035.0,498,17786.751668
5602.0,910,17802.461304
4133.0,631,17813.652551
3256.0,575,17823.84781
1893.0,377,17830.386737
3014.0,551,17839.74016
1795.0,370,17846.303661
792.0,435,17853.795111
1805.0,497,17862.438898
5878.0,821,17876.387731
4686.0,763,17889.669563
2705.0,498,17898.059367
2696.0,693,17909.90204
3432.0,504,17918.517844
1013.0,381,17925.015784
2318.0,482,17933.292586
2590.0,497,17941.869438
1403.0,490,17950.278598
1113.0,341,17956.451843
3673.0,725,17969.067846
698.0,273,17973.709053
4076.0,675,17985.002576
6065.0,761,17998.008085
1995.0,568,18007.591536
1859.0,417,18014.886877
1799.0,512,18023.587071
6720.0,829,18038.215561
1987.0,465,18046.547516
3328.0,686,18058.366512
3780.0,765,18071.47378
5201.0,628,18082.669227
6061.0,823,18097.07929
5721.0,774,18111.021639
2018.0,581,18120.91448
1471.0,364,18127.242923
6836.0,891,18142.333634
1661.0,584,18152.180358
5873.0,705,18164.449938
4412.0,716,18177.082683
5622.0,814,18191.158249
4575.0,799,18205.016376
2945.0,503,18213.550629
4381.0,812,18227.848311
1604.0,501,18236.417896
2547.0,526,18245.359607
4786.0,708,18257.227107
2300.0,523,18266.005225
2745.0,472,18274.325552
1140.0,345,18279.97031
2775.0,734,18292.927871
3373.0,655,18304.728774
5822.0,947,18321.596146
3864.0,697,18333.496706
2834.0,511,18341.829378
6166.0,698,18354.114737
3998.0,597,18364.402069
2091.0,555,18373.697024
2362.0,499,18382.163125
1102.0,334,18388.086835
11276.0,1390,18412.491981
760.0,266,18417.077685
4191.0,627,18428.288072
3083.0,484,18436.705646
1406.0,401,18443.864245
2678.0,556,18453.661372
5241.0,759,18466.939824
1222.0,380,18473.645125
4869.0,709,18485.482479
5856.0,754,18498.546531
5535.0,950,18515.039474
3168.0,763,18527.984711
3678.0,763,18541.104845
4093.0,728,18553.975238
1310.0,393,18560.744365
4117.0,633,18571.545205
1780.0,511,18580.688878
4236.0,773,18593.971215
1620.0,388,18600.472666
2962.0,544,18609.74578
4731.0,852,18624.55979
4777.0,663,18635.976752
2539.0,414,18643.069496
803.0,323,18648.719766
3143.0,675,18660.112416
2817.0,519,18668.856092
2623.0,498,18677.122201
2074.0,503,18685.988922
2989.0,521,18695.179783
5532.0,682,18706.970243
4260.0,584,18717.366278
4676.0,602,18727.72035
2823.0,578,18737.660021
4521.0,727,18750.126729
3841.0,549,18760.000741
1100.0,372,18766.696001
3524.0,639,18777.820834
5072.0,601,18788.08392
1441.0,356,18794.229475
5918.0,834,18808.939499
2786.0,577,18818.907785
1400.0,362,18825.27611
1686.0,529,18834.454571
1209.0,374,18840.799966
5884.0,1008,18857.967615
9035.0,1091,18877.160228
1359.0,432,18884.150011
9828.0,1368,18908.220921
1916.0,448,18915.794949
2326.0,502,18924.529807
769.0,393,18931.202181
2778.0,625,18942.212402
5098.0,831,18956.38426
3202.0,492,18965.570057
2922.0,608,18975.866913
1651.0,444,18983.270116
2472.0,570,18993.356883
2645.0,567,19003.0859
1508.0,367,19009.466526
2889.0,710,19021.601714
1990.0,536,19030.619071
1576.0,380,19037.098201
1711.0,473,19045.373573
1129.0,376,19051.951599
4323.0,702,19063.854874
3732.0,706,19076.274714
1787.0,451,19084.279247
2292.0,495,19092.922169
987.0,371,19099.107964
3992.0,745,19111.63864
4202.0,559,19121.553763
2331.0,573,19131.450908
5643.0,838,19146.565868
3470.0,737,19158.935439
2896.0,496,19167.239542
915.0,348,19172.919621
2917.0,508,19181.770273
2118.0,587,19191.825392
5979.0,711,19204.500186
3824.0,675,19215.467366
1872.0,503,19224.66168
2123.0,515,19233.487947
1425.0,469,19241.89354
776.0,272,19246.455621
4773.0,576,19255.928055
4549.0,822,19269.996152
6397.0,714,19282.911735
4014.0,609,19293.356606
4253.0,683,19305.350289
5458.0,766,19318.337878
3314.0,580,19328.089055
2378.0,458,19335.85448
2773.0,590,19345.891557
6099.0,869,19360.806205
5937.0,655,19372.238499
3510.0,697,19384.024514
2118.0,504,19392.667803
1497.0,441,19400.636101
2201.0,441,19408.01842
1301.0,460,19415.838329
8442.0,999,19432.594629
2089.0,446,19440.302552
3682.0,567,19450.097215
2785.0,549,19459.350494
2341.0,462,19467.17297
2929.0,622,19477.960253
1408.0,390,19484.641521
1550.0,524,19493.573899
1189.0,370,19499.860467
3002.0,660,19511.442955
5809.0,769,19524.958645
2069.0,519,19534.171418
3225.0,682,19545.997451
2989.0,558,19555.256511
1763.0,464,19563.63551
4817.0,763,19576.854275
3889.0,745,19589.653345
1326.0,432,19597.103632
3294.0,493,19605.221886
3218.0,533,19614.490521
3139.0,544,19623.372437
6403.0,732,19635.405292
1945.0,486,19643.944671
4078.0,643,19655.511587
665.0,330,19661.272588
3803.0,686,19672.855
3431.0,494,19681.133582
2353.0,497,19689.628948
3607.0,610,19700.560393
2879.0,613,19711.17564
1926.0,417,19718.416923
4252.0,639,19729.683579
5298.0,695,19741.58109
3824.0,584,19751.91324
2785.0,741,19764.965536
2862.0,572,19774.856737
2956.0,500,19783.283096
2024.0,464,19791.534487
1826.0,418,19799.119523
2218.0,562,19808.684089
5389.0,805,19822.574152
4499.0,739,19835.388028
2689.0,526,19844.427501
3651.0,583,19854.795597
2972.0,569,19864.36503
2368.0,461,19872.427972
1493.0,378,19878.968172
2484.0,520,19887.777251
1313.0,454,19895.617806
1336.0,352,19901.698617
5293.0,653,19912.776378
3386.0,603,19923.057991
2130.0,533,19932.178545
2403.0,537,19941.077119
2443.0,445,19948.952194
5092.0,630,19959.858093
3965.0,671,19971.221436
788.0,366,19977.563148
5337.0,729,19990.003422
3699.0,508,19998.623769
3011.0,612,20009.214876
3069.0,601,20019.991401
2490.0,516,20029.104108
2979.0,494,20037.18084
9971.0,953,20053.076588
2562.0,535,20062.305526
7340.0,836,20077.156658
3420.0,509,20086.361812
1092.0,398,20093.204537
7292.0,797,20107.095815
3613.0,591,20117.536952
5572.0,624,20128.46576
3192.0,560,20138.126244
3527.0,594,20148.787638
3365.0,668,20160.149034
2573.0,628,20170.753381
645.0,285,20175.591771
1027.0,453,20183.455565
6380.0,737,20196.854791
6274.0,937,20213.012947
2392.0,463,20221.193569
3442.0,595,20231.492474
2232.0,533,20240.808525
3053.0,609,20251.18173
6486.0,703,20263.403504
1675.0,484,20271.514934
5633.0,759,20285.194801
1514.0,517,20293.995812
5517.0,793,20307.575192
2644.0,536,20316.931253
4939.0,707,20328.98435
3059.0,656,20340.347034
1269.0,423,20347.544655
2343.0,392,20354.067724
6671.0,867,20369.069443
2285.0,575,20378.874842
2920.0,615,20389.936975
4756.0,782,20403.632487
9365.0,1300,20426.006687
4779.0,660,20437.496608
4045.0,605,20448.374992
4392.0,694,20459.996897
5182.0,641,20471.054468
4602.0,698,20483.002128
694.0,439,20490.324129
2152.0,451,20498.202924
3890.0,562,20507.961627
1996.0,372,20514.826474
1709.0,508,20523.51933
3598.0,612,20533.816705
2012.0,544,20543.542228
4373.0,689,20555.461504
3762.0,725,20567.51095
4265.0,691,20579.623707
5970.0,816,20593.552924
1252.0,381,20600.156834
1144.0,333,20606.011921
4477.0,599,20616.160961
1176.0,388,20622.997034
2179.0,399,20629.797981
1928.0,374,20636.145945
4498.0,865,20651.637374
1699.0,440,20659.061462
1710.0,566,20668.761583
4292.0,678,20680.87439
3866.0,633,20692.052902
5115.0,791,20705.738138
5769.0,694,20717.819343
2943.0,500,20726.564891
3723.0,629,20737.234247
5325.0,855,20752.247563
685.0,428,20759.70797
679.0,274,20764.377823
996.0,368,20770.930224
3355.0,682,20782.565214
1884.0,461,20790.537224
1497.0,414,20797.710914
1959.0,551,20806.86798
542.0,354,20812.518095
3916.0,600,20823.068694
3151.0,654,20834.382663
3454.0,665,20845.709067
2013.0,408,20852.966701
6019.0,766,20866.55985
4570.0,679,20878.790842
4610.0,717,20891.270201
2304.0,468,20899.54444
1404.0,408,20906.661477
3362.0,551,20916.137061
3511.0,624,20926.933808
2665.0,577,20936.974082
5207.0,1016,20955.097829
6756.0,855,20969.933271
3989.0,606,20980.537723
1771.0,437,20988.070904
1221.0,399,20994.822787
2859.0,514,21003.502748
2881.0,476,21012.156908
1391.0,475,21020.129963
4432.0,674,21031.955216
2106.0,522,21040.714622
4795.0,627,21051.355661
2936.0,620,21062.05613
2018.0,481,21070.488809
2111.0,621,21080.467975
2843.0,544,21089.963466
2201.0,500,21099.173757
7302.0,627,21109.642681
5642.0,662,21121.047008
5017.0,762,21134.473447
2263.0,537,21143.462906
4918.0,1020,21161.142149
1655.0,455,21168.802845
2844.0,625,21179.737922
4180.0,525,21188.741717
3497.0,651,21200.233851
3192.0,569,21210.078558
3339.0,531,21219.423582
1502.0,381,21225.841241
4498.0,746,21238.9779
5536.0,835,21253.226078
2875.0,440,21261.08393
3426.0,541,21270.283371
2216.0,420,21277.641005
854.0,441,21285.490758
5783.0,960,21301.891298
2711.0,480,21310.534408
2329.0,419,21317.625724
2307.0,555,21327.00102
1310.0,368,21333.722092
4918.0,691,21345.222199
2354.0,468,21353.443397
2936.0,539,21362.882051
943.0,394,21369.619671
8193.0,834,21384.252699
3148.0,518,21393.363672
3018.0,505,21402.302977
2494.0,477,21410.377069
2741.0,536,21419.864484
3104.0,569,21429.903352
1311.0,433,21437.156656
1517.0,446,21444.864836
2261.0,441,21452.381688
1117.0,392,21459.013083
1999.0,349,21464.851061
1460.0,402,21471.764818
6195.0,767,21484.583398
4583.0,693,21496.888366
1137.0,359,21502.866702
2522.0,567,21513.121328
2684.0,588,21523.074261
